﻿開放特許情報番号,タイトル,開放特許情報登録日,最新更新日,出願番号,出願日,出願人,公開番号,登録番号,特許権者,発明の名称,技術分野1,技術分野2,技術分野3,機能1,機能2,機能3,適用製品,目的,効果,技術概要,実施実績：有無,許諾実績：有無,特許権譲渡,特許権譲渡：対価条件（一時金）　要不要,特許権譲渡：対価条件（一時金）,特許権譲渡：希望譲渡先（国内）　可否,特許権譲渡：希望譲渡先（国内）,特許権譲渡：希望譲渡先（国外）　可否,特許権譲渡：希望譲渡先（国外）,特許権実施許諾　可否,特許権実施許諾：実施権条件,特許権実施許諾：対価条件（一時金）　要不要,特許権実施許諾：対価条件（一時金）,特許権実施許諾：対価条件（ランニング）　要不要,特許権実施許諾：対価条件（ランニング）,特許権実施許諾：希望譲渡先（国内）　可否,特許権実施許諾：希望譲渡先（国内）,特許権実施許諾：希望譲渡先（国外）　可否,特許権実施許諾：希望譲渡先（国外）,登録者名称,登録者区分,国際特許分類（IPC）,関連特許：国内,関連特許：国外
L2010002748,通信異常検知装置,2010/3/26,2010/3/26,特願2006-310205,2006/11/16,沖電気工業株式会社,特開2008-131075,特許第4193896号,沖電気工業株式会社,通信異常検知装置,情報・通信,,,制御・ソフトウェア,,,通信異常検知装置,通信網上に設置後、短期間で通信網の異常発生を検知可能な装置を提供することを目的とする。,通信網上に設置後、短期間で通信網の異常発生を検知可能な装置を提供できる。,通信網から到来するパケット信号を順次、受信するパケット受信部と、 供給されるサンプリング手法に基づいて、前記パケット受信部が受信したパケット信号を順次、選別し、当該選別したパケット信号に含まれる付随情報を抽出するサンプリング部と、 前記サンプリング部が抽出した付随情報を蓄積する情報蓄積部と、 データ解析手法に基づいて前記情報蓄積部に蓄積されている付随情報を解析し、前記通信網における異常発生の検知処理をなす異常検知処理部とを含む通信異常検知装置であって、 前記情報蓄積部に蓄積されている付随情報の蓄積量が所定量に達した場合、サンプリング手法を前記サンプリング部に、当該サンプリング手法に対応したデータ解析手法を前記異常検知処理部にそれぞれ供給するトリガー部を含むことを特徴とする通信異常検知装置。,無,無,否,指定無,,指定無,,指定無,,可,,指定無,,指定無,,指定無,,指定無,,沖電気工業株式会社,企業,H04L12/66,無,無
L2011001078,ハイブリッドＧＡによる複数パラメータの最適化方法、パターンマッチングによるデータ解析方法、放射線回折データに基づく物質構造の推定方法、ならびに関連するプログラム、記録媒体および各種装置,2011/2/25,2020/10/21,特願2007-549201,2006/12/4,国立大学法人名古屋大学,WO2007/066787,特許第5055556号,国立大学法人東海国立大学機構,ハイブリッドＧＡによる複数パラメータの最適化方法、パターンマッチングによるデータ解析方法、放射線回折データに基づく物質構造の推定方法、ならびに関連するプログラム、記録媒体および各種装置,情報・通信,,,制御・ソフトウェア,,,各世代のポピュレーション、構造パラメータ、電子密度分布パラメータ,「ハイブリッドＧＡによる複数パラメータの最適化方法」及び「パターンマッチングによるデータ解析方法」の提供。,本技術のハイブリッドＧＡ技術を応用すれば、多峰性の強い広大なパラメータ空間内でも強力な広域探索能力を発揮することができるので、従来技術では解けなかった問題をも解くことができるようになる。その結果、粉末試料のＸ線回折による物質構造の決定ばかりではなく、極めて広い産業分野でも利用可能であり、様々な分野で強力な最適値探索ツールとなりうる。,この技術は、全世代のうち一部にあたる複数の特定世代において、世代のポピュレーションのうち少なくとも一部にあたる特定個体を対象に、局所最適化操作が行われることと、全世代のうち少なくとも一部にあたる複数の特定世代において、世代のポピュレーションのうち一部にあたる特定個体を対象に、局所最適化操作が行われることとのうち、少なくとも一方である局所最適化過程を有することを特徴とする、ハイブリッドＧＡによる複数パラメータの最適化方法である。即ち、本ＨＧＡは、多峰性の強い多次元パラメータ空間でも極めて強力な広域的探索能力を発揮するから、Ｘ線回折環に含まれる僅かな情報からでも多数の構造パラメータを効率よく決定できる。その結果、単結晶なしでも粉末試料から複雑な物質構造を決定できるようになり、医薬や素材など多くの分野で新物質の開発が加速される。,無,無,否,指定無,,指定無,,指定無,,可,,指定無,,指定無,,指定無,,指定無,,財団法人名古屋産業科学研究所　中部ＴＬＯ,大学・ＴＬＯ,,無,無
L2017000140,多様性濃縮法,2017/1/26,2018/1/23,特願2016-111497,2016/6/3,早坂　壮大,特開2017-219896,特許第6061164号,早坂　壮大,情報処理装置、情報処理方法、およびプログラム,情報・通信,,,制御・ソフトウェア,,,人工知能／ＡＩ／機械学習／ビックデータ解析／遺伝的アルゴリズム／ＧＡ／バックアップ／オンラインストレージサービス／バージョン管理／データクレンジング／テキストマイニング等,・膨大な学習データ群から有意なデータを濃縮・逐次追加されるデータから多様性に寄与するデータを選別・実行頻度によらず古参～新参のバックアップデータを所望のバランスで保持,【バックアップ等へ適用した場合】・上書き保存を行うたび、自動的にバックアップと間引きを行うフォルダー等を提供します。・約２０個のファイルを格納できるリソースを与えた場合、約１分前、２分前、４分前、８分前　…３０年前のファイルが保持される様に間隔を最適化します。・繰り返しの実行に強みがあります。,【バックアップ等へ適用した場合】・データ容量が際限なく増えない様に間引く技術で、　膨大／高頻度の繰り返しに耐性があります。・古参のデータから削除することは最も典型的です。　しかし、ある時点より古参のデータを復元することは困難です。・従来からデータを無作為に間引き、所望の分布に誘導する技術はありますが、　通常、膨大な繰り返しを行うと不都合が生じます。・新参ばかり大量に追加され、古参は常に間引かれる危機に瀕しては　古参に分が悪いのは明らかです。・当技術は、予め判明している追加データの特徴値の傾向を考慮します。・バックアップであれば追加データの作成時刻は常に新しいため、　過密なデータの中でもより新参のデータ削除を優先します。,試作,無,可,指定無,,指定無,,指定無,,可,,指定無,,指定無,,指定無,,指定無,,早坂　壮大,個人,"G06F12/00,G06F17/30",無,無
L2018001763,情報処理装置、情報処理システム、情報処理方法及びプログラム,2018/8/13,2018/8/13,特願2016-559469,2016/5/31,新日鉄住金ソリューションズ株式会社,WO2017/022312,特許第6076571号,新日鉄住金ソリューションズ株式会社,情報処理装置、情報処理システム、情報処理方法及びプログラム,情報・通信,,,機械・部品の製造,制御・ソフトウェア,,情報処理装置、情報処理システム、情報処理方法及びプログラム,煩雑な処理を行うことなく、データ解析により通常状態と異なる非通常状態を検知する。,煩雑な処理を行うことなく、データ解析により通常状態と異なる非通常状態を検知することができる。,通常時に計測された時系列データを周期単位の周期データに分割する第１の分割手段と、複数の周期データに基づいて、基準データを生成する基準データ生成手段と、前記通常時の時系列データと、前記基準データと、に基づいて、前記基準データからの乖離の程度を示す乖離値の許容誤差を算出する許容誤差算出手段と、非通常状態の検知対象となる時系列データと、前記基準データと、の間の乖離値を算出する乖離値算出手段と、前記乖離値が前記許容誤差の範囲内か否かに応じて、前記非通常状態を検知する検知手段とを有することを特徴とする情報処理装置。,試作,無,可,指定無,,指定無,,指定無,,可,,指定無,,指定無,,指定無,,指定無,,日鉄ソリューションズ株式会社,企業,,無,有
L2014001978,バンドラインナップ装置及びその測定方法,2014/10/16,2017/5/15,特願2012-170994,2012/8/1,国立研究開発法人物質・材料研究機構,特開2013-167621,特許第6095043号,国立研究開発法人物質・材料研究機構,バンドラインナップ装置及びその測定方法,情報・通信,,,機械・部品の製造,制御・ソフトウェア,,バンドラインナップ測定装置、バンドラインナップ測定方法,バンドラインナップの測定精度を下げる原因となる各測定装置の光学系と電子系の相違、試料の設置態様の相違、有機材料の照射によるダメージを克服し、測定精度を向上させたバンドラインナップ測定装置及びバンドラインナップ測定方法を提供する。,本発明によれば、バンドラインナップの測定精度を向上させることができる。別々の装置の場合に比較し装置特性の違いによる誤差が低減され、測定精度の向上を図ることができる。また、試料取扱の変更が不要になり、試料取扱に伴うヒューマンエラーを減らすことができる。また、別の測定器で測定する際の測定のタイムラグを減らすことができ、より精度の高い測定が可能となる。さらに、直接バンドラインナップの値を得ることができ、実験担当者の測定データ解析が容易に行える。本発明の測定装置によれば、有機物材料でも、正確に測定できる。,同一の光源及び照射光学系と試料ホルダーを用い、照射による生じる電流及び光量の同時測定を行う。光源１から出た光は分光器４によって単色化されフォトンエネルギーで掃引し、試料３１に照射される。照射によって生じた光電子は電流計で、反射光は光量計で計測する。透過性を有する材料の場合は、透過した光を光量計７２で測定する。照射フォトンエネルギーに対して電流値の立ち上がり位置からイオン化ポテンシャルを求め、また、反射又は透過測定からバンドギャップを求め、この２つの値からイオン化ポテンシャルのエネルギー位置及び電子親和力のエネルギー位置のバンドラインナップを求める。,無,無,否,指定無,,指定無,,指定無,,可,,指定無,,指定無,,指定無,,指定無,,国立研究開発法人物質・材料研究機構,学術研究,"G01N21/00,G01N23/227",無,無
L2018002156,手話動作生成装置及び手話動作生成プログラム,2018/10/11,2018/10/11,特願2014-084891,2014/4/16,日本放送協会,特開2015-203860,特許第6313640号,日本放送協会,手話動作生成装置及び手話動作生成プログラム,情報・通信,,,機械・部品の製造,制御・ソフトウェア,,手話動作生成装置及び手話動作生成プログラム,高精度な手話翻訳を実現するための手話動作生成装置及び手話動作生成プログラムを提供すること。,手話に必要な指さしを正しく表現した手話動作データを生成することができる。,入力データに対する手話動作を生成する手話動作生成装置において、  前記入力データに対応する動作データを読み込む動作データ読み込み手段と、  前記動作データ読み込み手段により読み込まれた動作データに含まれるＣＧキャラクタの手の位置を解析する動作データ解析手段と、  前記動作データ解析手段により得られる前記手の位置に対応する各関節の位置及び回転角からなるパラメータを用いて、前記手の位置の重心を算出する動作重心算出手段と、  前記動作重心算出手段により得られる前記手の重心に対応させて、前記動作データによる手話動作を行った位置に指さし動作を行う動作データを生成する指さし動作生成手段と、  前記手話動作と前記指さし動作との間の動作を補間する動作補間手段とを有することを特徴とする手話動作生成装置。,無,無,否,指定無,,指定無,,指定無,,可,,指定無,,指定無,,指定無,,指定無,,一般財団法人　ＮＨＫ財団,学術研究,"G06T13/40,G09B21/00",無,無
L2016001022,データ解析装置及び方法,2016/6/3,2023/1/13,特願2014-038432,2014/2/28,国立研究開発法人情報通信研究機構,特開2015-162188,特許第6396037号,国立研究開発法人情報通信研究機構,データ解析装置及び方法,情報・通信,,,検査・検出,,,データ解析装置及び方法,観測データｙから画像や動画等に応じた未知の行列Ｘｍを圧縮センシングに基づいて推定するデータ解析装置及び方法において、特に得られる行列Ｘｍに基づくデータの空間分解能を向上させる。,空間相関の最も強い行列Ｘｍからデータを再現することで、より空間分解能の高いデータ情報を取得することが可能となる。テンソル再構成を利用した圧縮センシングを行うことができ、逐次的な処理を行うことができることから、例えば電波を利用した内部構造推定を行う場合には、測定用の受信機３を配置した検査用車両をトンネル内で走行させる。これにより、トンネル壁面内部のクラックの画像についても上述した方法に基づいて推定することが可能となる。,線形写像を表すテンソルＡと観測データｙとから未知のテンソルＸｍを推定するデータ解析装置において、測定対象物からの観測データｙを検出するセンシング手段と、上記センシング手段により検出した観測データｙと既知のＡとを用いて線形制約ｙ＝Ａ（Ｘ）を満たし、かつランクが最小のＸを探索してこれを上記Ｘｍと推定し、更に推定したＸｍに基づいて上記測定対象物の形状情報を再現する推定手段とを備えることを特徴とするデータ解析装置。,無,無,否,指定無,,指定無,,指定無,,可,,指定無,,指定無,,指定無,,指定無,,国立研究開発法人情報通信研究機構,学術研究,G06T1/00,無,無
L2018002375,地殻データ解析方法、地殻データ解析プログラム及び地殻データ解析装置,2018/11/8,2023/3/24,特願2015-531736,2014/6/12,独立行政法人石油天然ガス・金属鉱物資源機構,WO2015/022806,特許第6429398号,独立行政法人エネルギー・金属鉱物資源機構,地殻データ解析方法、地殻データ解析プログラム及び地殻データ解析装置,情報・通信,,,制御・ソフトウェア,,,地殻データ解析方法、地殻データ解析プログラム及び地殻データ解析装置,地化学異常の閾値を適切に設定することができる地殻データ解析方法、地殻データ解析プログラム及び地殻データ解析装置を提供すること。,地化学異常の閾値を適切に設定することができる。,複数の位置における所定の元素又は化合物の地殻存在度を示す複数のデータを取得するステップと、  前記複数のデータから一部のデータを削除して、複数の削除済データを生成するステップと、  前記複数の削除済データのそれぞれについて、当該削除済データを構成する複数のデータが正規分布に従うか否かを判定するステップと、  前記判定した結果に基づいて、地化学異常の閾値を決定するステップと、  を備える地殻データ解析方法。,無,無,否,指定無,,指定無,,指定無,,可,,指定無,,指定無,,指定無,,指定無,,独立行政法人エネルギー・金属鉱物資源機構,学術研究,,無,無
L2018001953,分光イメージングシステム,2018/9/13,2019/8/23,特願2015-013388,2015/1/27,地方独立行政法人北海道立総合研究機構,特開2016-138789,特許第6535843号,地方独立行政法人北海道立総合研究機構,分光イメージングシステム,情報・通信,,,機械・部品の製造,制御・ソフトウェア,検査・検出,分光イメージングシステム,農水産物や加工食品などの検査対象物に混入した異物等を検査する際に、計測速度の高速化を図ることができる分光イメージングシステムを提供すること。,本発明によれば、光学モジュールは、互いに異なる波長の光を透過する複数の光学干渉フィルタを備えているので、検査対象物における複数の波長の分光画像が、撮像素子面上で結像する。撮像素子に結像した複数の波長の分光画像データを全部又は選択的に同期して取得する。その結果、数十～数百の波長の分光画像を同時に取得できるので、計測時間の高速化が可能となる。また、検査対象物に対する検査内容に応じて、複数の波長の分光画像データの中から選択的に必要な波長の分光画像データを取得することで、検査時間の高速化に寄与する。,互いに異なる波長の光を透過する複数の光学干渉フィルタと、前記複数の光学干渉フィルタを透過した検査対象物における複数の波長の分光画像が結像する撮像素子と、を備えた光学モジュールを構成し、  前記光学モジュールの撮像素子に結像した複数の波長の分光画像データを同期して取得し、同時に前記複数の波長の分光画像データをデータ解析装置へ転送するデータ転送手段を備えたことを特徴とする分光イメージングシステム。,無,無,否,指定無,,指定無,,指定無,,可,,指定無,,指定無,,指定無,,指定無,,地方独立行政法人北海道立総合研究機構,学術研究,G01N21/27,無,無
L2019001899,処理装置およびプログラム,2019/10/25,2019/10/25,特願2015-091875,2015/4/28,日本放送協会,特開2016-208461,特許第6543819号,日本放送協会,処理装置およびプログラム,電気・電子,情報・通信,,機械・部品の製造,制御・ソフトウェア,,処理装置、プログラムおよびデータ構造,デジタル放送サービスで提供されるアプリケーションプログラムに関するコンテンツの相互運用性を向上できる処理装置、プログラムおよびデータ構造を提供する。,デジタル放送サービスで提供されるアプリケーションプログラムに関するコンテンツの相互運用性を向上することができる。,デジタル放送サービスのアプリケーションプログラムに関するコンテンツファイルが配置されたコンテンツルートフォルダと、前記アプリケーションプログラムのエントリポイントを示すコンテンツ情報を含むパッケージエントリポイントメタデータとが配置されたアプリケーションパッケージから、前記パッケージエントリポイントメタデータを解析して前記アプリケーションプログラムを特定するメタデータ解析部と、前記コンテンツルートフォルダ以下のフォルダの構造を解析して、前記アプリケーションプログラムに関するコンテンツファイルを前記コンテンツルートフォルダから抽出するコンテンツ構造解析部と、ファイル制御部と、を備え、前記コンテンツ構造解析部は、前記コンテンツファイルのファイル名を解析して、前記ファイル名が示す時刻と前記コンテンツファイルの所在を示す制御対象ファイルリストを生成することを特徴とし、前記ファイル制御部は、制御対象ファイルリストを参照して、番組の編成時刻に相当する時刻を示すファイル名を有するコンテンツファイルを選択する処理装置。,無,無,否,指定無,,指定無,,指定無,,可,,指定無,,指定無,,指定無,,指定無,,一般財団法人　ＮＨＫ財団,学術研究,"H04H20/20,H04H20/91,H04H60/82,H04N21/435,H04N21/478",無,無
L2020000696,炭化水素基修飾微粒子を受容体層とする燃料油識別センサおよび燃料油識別方法,2020/4/3,2020/4/3,特願2017-554985,2016/11/14,国立研究開発法人物質・材料研究機構,WO2017/098862,特許第6583836号,国立研究開発法人物質・材料研究機構,炭化水素基修飾微粒子を受容体層とする燃料油識別センサおよび燃料油識別方法,情報・通信,,,機械・部品の製造,検査・検出,,アルキル基、アリール基等の炭化水素基で修飾した微粒子を被覆したセンサ,燃料油の主成分と高い親和性を有する材料を受容体層物質として利用することにより、燃料油を高精度に識別可能とするセンサを提供する。,炭化水素基修飾微粒子をセンサ受容体層として用いることにより、従来の識別センサでは困難であった単一センサによる燃料油の識別が可能となる。これにより、従来のセンサアレイのように異なる受容体材料が塗布された複数個のセンサを用いることの必要とされる局面が少なくなり、センサ作製工程からセンサシステム、データ解析に至るまで、各要素の大幅な単純化が実現する。,物理パラメータの変化を検出するセンサ本体と、炭化水素基で修飾された粒径が１ｍｍ以下の微粒子であって、前記微粒子の表面に前記炭化水素基が固定されており、前記微粒子の表面が前記炭化水素基により被覆されている、微粒子を含み、前記センサ本体表面を被覆する受容体層とを設けた燃料油識別センサ。,無,無,否,指定無,,指定無,,指定無,,可,,指定無,,指定無,,指定無,,指定無,,国立研究開発法人物質・材料研究機構,学術研究,,無,無
L2020001662,視聴量解析装置およびプログラム,2020/8/21,2020/8/21,特願2016-058947,2016/3/23,日本放送協会,特開2017-175369,特許第6632131号,日本放送協会,視聴量解析装置およびプログラム,電気・電子,情報・通信,,機械・部品の製造,,,映像や音声のコンテンツの視聴量を解析する、視聴量解析装置およびプログラム,オンデマンドで映像等のコンテンツを配信するシステムでの、実際に視聴された映像の視聴量を精度よく把握することのできる視聴量解析装置およびそのプログラムを提供する。シーンに対応付けて付与されているタグとの関連において視聴量を把握・解析することのできる視聴量解析装置およびプログラムを提供する。,放送番組等のコンテンツを配信するシステムにおける詳細な視聴量を解析することができる。また、視聴された箇所について、番組コンテンツのシーンに付与されたタグごとに視聴量を集計することが可能となる。,通信ネットワークを介して配信された番組コンテンツに関して配信されたフレームを配信先ごとに表す視聴ログを生成する視聴ログ生成部と、前記視聴ログ生成部によって生成された前記視聴ログを収集して記憶する視聴ログ記憶部と、前記視聴ログ記憶部から前記視聴ログを読み出すことによって配信されたフレームごとの視聴量を求める視聴データ解析部と、を備えることを特徴とする視聴量解析装置。,無,無,否,指定無,,指定無,,指定無,,可,,指定無,,指定無,,指定無,,指定無,,一般財団法人　ＮＨＫ財団,学術研究,H04N17/00,無,無
L2018001030,仮想資源自動選択システム及び方法,2018/5/16,2023/1/13,特願2016-094780,2016/5/10,国立研究開発法人情報通信研究機構,特開2017-204712,特許第6664812号,国立研究開発法人情報通信研究機構,仮想資源自動選択システム及び方法,電気・電子,情報・通信,,制御・ソフトウェア,,,仮想資源自動選択及び方法,データ処理を行うサーバ等のコンピュータ資源も含めた資源選択や割当を迅速に行うことができ、緊急事例やトラヒック急変動が発生した場合においても適切な仮想資源選択を行うことができる仮想資源自動選択システムを提供する。,学習により自動決定された仮想資源選択ポリシーに従って仮想資源を即座に選択することができる。また突発的な緊急事例発生やトラヒック変動等のネットワーク利用環境変動が生じた時、それをデータ解析や仮想ネットワーク品質性能監視によって認知し、その結果に応じて再学習を自律的に実行することができる。突発的なネットワークの利用環境変動やサービス品質要求の多様化が生じた場合においても、それを自動認知し、仮想資源の選択ポリシーを機械学習のモデルに基づいて自律的に変更することができる。,２以上のパラメータで構成される複数の訓練データに対して、仮想資源の容量に応じて予め複数にランク分けされた仮想資源クラスタの分類境界を当該２以上のパラメータの関係において設定し、構築すべき仮想ネットワークに要求される上記２以上のパラメータからなる入力情報を受け付け、分類境界を参照することにより、受け付けた入力情報を構成する２以上のパラメータが何れの仮想資源クラスタに属するかを判定し、判定した仮想資源クラスタに応じた仮想資源の容量を仮想ネットワークに割り当てると共に、構築した仮想ネットワークから取得したネットワーク性能情報や緊急事例発生等に基づいて分類境界を更新する。,無,無,否,指定無,,指定無,,指定無,,可,,指定無,,指定無,,指定無,,指定無,,国立研究開発法人情報通信研究機構,学術研究,"G06F9/50,G06N99/00,H04L12/70",無,無
L2018000490,エリプソメトリ装置およびエリプソメトリ方法,2018/3/2,2024/1/29,特願2018-535670,2017/8/21,兵庫県公立大学法人,WO2018/038064,特許第6817642号,兵庫県公立大学法人,エリプソメトリ装置およびエリプソメトリ方法,情報・通信,生活・文化,,機械・部品の製造,,,エリプソメトリ装置およびエリプソメトリ方法,簡単な構成により、測定効率を向上できるエリプソメトリ装置およびエリプソメトリ方法を提供する。,ホログラフィを用いるものであり、少ないショット数で多量の振幅位相データが得られるので、高速で高精度な測定が可能であり、非常に高い感度で偏光解析ができる。,物体から放射される光の偏光解析に用いるエリプソメトリ装置であって、データ取得部と、データ解析部と、を備え、前記データ解析部は、光波再生部と、物体光平面波展開部と、偏光係数生成部と、演算部と、を備える、ことを特徴とするエリプソメトリ装置。,無,無,否,指定無,,指定無,,指定無,,可,,指定無,,指定無,,指定無,,指定無,,兵庫県公立大学法人,大学・ＴＬＯ,,無,無
L2021001901,微細藻類の培養方法及びデータ解析装置,2021/12/15,2021/12/15,特願2017-038263,2017/3/1,国立大学法人　鹿児島大学,特開2018-143108,特許第6860902号,国立大学法人　鹿児島大学,微細藻類の培養方法及びデータ解析装置,食品・バイオ,,,材料・素材の製造,,,微細藻類の培養方法及びデータ解析装置,最適な時期にイソクリシス属のハプト藻類を収穫することができる微細藻類の培養方法及びデータ解析装置を提供する。,最適な時期にイソクリシス属のハプト藻類を収穫することができる。,イソクリシス属（Ｉｓｏｃｈｒｙｓｉｓ）のハプト藻類を培養する培養ステップと、前記ハプト藻類の４９０ｎｍにおける第１の吸光度及び６８０ｎｍにおける第２の吸光度を複数の時点で測定する測定ステップと、前記第１の吸光度を前記第２の吸光度で除した値が下降から上昇に転じた後、前記値が再度下降から上昇に転じてから３～５日後、又は前記第２の吸光度を前記第１の吸光度で除した値が上昇から下降に転じた後、前記値が再度上昇から下降に転じてから３～５日後に前記ハプト藻類を収穫する収穫ステップと、を含む、微細藻類の培養方法。,無,無,可,指定無,,指定無,,指定無,,可,,指定無,,指定無,,指定無,,指定無,,株式会社鹿児島ＴＬＯ,大学・ＴＬＯ,"C12M1/34,C12N1/12,C12Q1/06",無,無
L2023000713,インピーダンススペクトルデータを用いた解析処理方法、インピーダンススペクトルデータ解析処理システム、および、インピーダンススペクトル解析処理プログラム,2023/6/22,2023/6/22,特願2020-532307,2019/7/16,国立研究開発法人物質・材料研究機構,WO2020/022124,特許第7026972号,国立研究開発法人物質・材料研究機構,インピーダンススペクトルデータを用いた解析処理方法、インピーダンススペクトルデータ解析処理システム、および、インピーダンススペクトル解析処理プログラム,情報・通信,電気・電子,,制御・ソフトウェア,,,インピーダンススペクトルデータを用いた解析処理方法、インピーダンススペクトルデータ解析処理システム、および、インピーダンススペクトル解析処理プログラム,測定されたインピーダンススペクトルデータを用いた解析処理方法、インピーダンススペクトルデータ解析処理システム、および、インピーダンススペクトルデータ解析処理プログラムを提供する。,解析処理システムおよびそれを実行するプログラムを提供できる。,測定されたインピーダンススペクトルデータを用いて解析処理する方法であって、前記測定されたインピーダンススペクトルデータに基づいて、測定された対数周波数に対応する対数緩和時間の最大値および／または最小値を設定し直すか否かを判定するステップと、前記判定するステップで設定し直すと判定した場合、前記対数緩和時間の最大値および／または最小値を設定し直すステップと、前記判定するステップで設定し直さないと判定した場合には前記測定された対数周波数に対応する対数緩和時間の範囲、または、前記判定するステップで設定し直すと判定した場合には前記設定し直された対数緩和時間の範囲で等間隔に分割する分割数を設定するステップと、正則化最小二乗法を適用し、次式（Ａ）を包含する方法。,無,無,否,指定無,,指定無,,指定無,,可,,指定無,,指定無,,指定無,,指定無,,国立研究開発法人物質・材料研究機構,学術研究,,無,無
L2019002212,回折環計測装置,2019/12/4,2022/5/26,特願2017-159396,2017/8/22,国立大学法人金沢大学,特開2019-039681,特許第7050273号,国立大学法人金沢大学,回折環計測装置,情報・通信,,,機械・部品の製造,,,計測対象物にＸ線等のビームを照射して形成された回折環を計測し、応力等の各種材料特性を計測、解析する装置,計測精度が高く、計測装置のコストダウンに有効な回折環計測装置の提供する。,撮像された全周の回折環画像に基づいて材料の応力等を解析することができるので、小さなサイズの固体撮像素子を１つ又は２つ以上用いて行うことができ、従来の回折環全体を大きなイメージセンサーで撮像するのと比較して、装置の小型化やコストダウンを図るのに有効である。ロボット等を用いて回転の他に、平行，直交，斜め，入射角の回転等の制御をすると、各種データ解析手法を用いて解析することができる。,計測対象部に向けてＸ線等のビームを照射する照射部と、前記照射されたビームにて形成された回折環を部分的又は全部を撮像する固体撮像素子と、前記固体撮像素子を位置制御可能に支持する支持部とを備えたことを特徴とする回折環計測装置。,無,無,否,指定無,,指定無,,指定無,,可,,指定無,,指定無,,指定無,,指定無,,有限会社金沢大学ティ・エル・オー,大学・ＴＬＯ,G01N23/2055,無,無
L2021001033,分光測定装置、および、分光測定プログラム,2021/8/6,2023/1/26,特願2019-059573,2019/3/27,国立研究開発法人物質・材料研究機構,特開2020-159867,特許第7195540号,国立研究開発法人物質・材料研究機構,分光測定装置、および、分光測定プログラム,情報・通信,,,機械・部品の製造,,,蛍光体などの発光材料の外部量子効率、吸収率および内部量子効率を分光測定する分光測定装置、および、その分光測定プログラム,エネルギー校正による不確かさの影響を低減した、蛍光体等の発光材料の外部量子効率、吸収率および内部量子効率を分光測定する分光測定装置、および、その分光測定プログラムを提供する。,高価な装置を用いることなく、あるいは、エネルギー校正されていない装置を用いる精度よく量子効率等の光学特性を測定できる。詳細には、励起波長域で測定したフォトン数と発光波長域で測定したフォトン数とは独立に計算に寄与するため、二つの離れた波長域間でのエネルギー校正のずれの影響を受けることなく量子効率を得ることができる。また、励起光の測定が不要なため、白色標準試料に起因する不確かさを低減でき測定時間も短縮できる。,試料に励起光を照射する光源と、前記励起光の照射によって前記試料が発する光の波長スペクトルを取得する分光手段と、前記波長スペクトルに対してデータ解析を行うデータ解析手段とを備えた分光測定装置であって、前記データ解析手段は、前記試料として光学特性が値付けされている標準物質を前記光源からの励起光で励起させた際に、前記分光手段で取得した前記励起光に起因する前記標準物質からの光の波長スペクトルと、前記試料として被験物質を前記光源からの励起光で励起させた際に、前記分光手段で取得した前記励起光に起因する前記被験物質からの被測定光の波長スペクトルとを用いて、前記被験物質の計測値をデータ解析する、分光測定装置。,無,無,否,指定無,,指定無,,指定無,,可,,指定無,,指定無,,指定無,,指定無,,国立研究開発法人物質・材料研究機構,学術研究,G01N21/64,無,無
L2022000449,分子動力学データ解析装置及びプログラム,2022/3/28,2023/7/24,特願2019-048988,2019/3/15,慶應義塾,特開2020-149617,特許第7298870号,慶應義塾,分子動力学データ解析装置及びプログラム,情報・通信,,,機械・部品の製造,制御・ソフトウェア,,分子動力学データを解析するための技術,機械学習モデルを利用して分子動力学データを解析するための技術を提供する。,機械学習モデルを利用して分子動力学データを解析することが可能になる。,第１の分子系の第１の分子の所定の挙動に関する第１の時系列データと、第２の分子系の第２の分子の前記所定の挙動に関する第２の時系列データとを取得する時系列データ取得部と、前記取得した第１の時系列データと第２の時系列データとを学習済み機械学習モデルに入力し、前記第１の時系列データと前記第２の時系列データとの間のワッサースタイン距離を前記第１の分子系と前記第２の分子系との類似度として前記学習済み機械学習モデルから出力する類似度決定部と、を有する分子動力学データ解析装置。,無,無,否,指定無,,指定無,,指定無,,可,,指定無,,指定無,,指定無,,指定無,,学校法人慶應義塾,大学・ＴＬＯ,"G06N20/00,G16C10/00",無,無
L2022000803,評価用語特定システム,2022/5/26,2024/8/23,特願2020-128404,2020/7/29,国立研究開発法人農業・食品産業技術総合研究機構,特開2022-025528,特許第7520349号,国立研究開発法人農業・食品産業技術総合研究機構,評価用語特定システム,情報・通信,,,機械・部品の製造,,,食品を実際に喫食したときの嗜好性判定に特に重視される評価用語を特定する評価用語特定システム,食品を実際に喫食した複数の消費者から取得した複数の嗜好性データに基づいて、ある特定の属性を有する消費者において、食品を実際に喫食したときの嗜好性判定に特に重視される評価用語を特定することができる、評価用語特定システムを提供する。,ある食品に対する嗜好性判定結果である嗜好評点および予め設定された複数種類の評価用語毎の評価結果を求めるアンケートの結果データの集まりであるアンケート結果データ群を用いて、前記特定の消費者属性を有する消費者が、前記食品の嗜好性判定において重視する評価用語を解析するデータ解析部と、前記データ解析部による解析結果を出力する出力装置とを含む、評価用語特定システムを提供することができる。,特定の消費者属性を有する複数の消費者、または消費者属性の異なる少なくとも２種類の消費者であってかつ前記特定の消費者属性を有する消費者を含む複数の消費者、それぞれに対して行われ、ある食品に対する嗜好性判定結果である嗜好評点および予め設定された複数種類の評価用語毎の評価結果を求めるアンケートの結果データの集まりであるアンケート結果データ群を用いて、前記特定の消費者属性を有する消費者が、前記食品の嗜好性判定において重視する評価用語を解析するデータ解析部と、前記データ解析部による解析結果を出力する出力装置とを含む、評価用語特定システム。,無,無,否,指定無,,指定無,,指定無,,可,,指定無,,指定無,,指定無,,指定無,,国立研究開発法人農業・食品産業技術総合研究機構,学術研究,"G06F16/33,G06Q30/02",無,無
